{
	"body": "<path fill-rule=\"evenodd\" clip-rule=\"evenodd\" d=\"M12.462 3.00004C11.7067 4.40116 11.1503 6.24126 10.7826 7.93452C10.3668 9.84976 10.1765 11.6515 10.2346 12.5051C10.2666 12.9745 10.4226 13.3363 10.7441 13.5466C11.0353 13.7371 11.3821 13.7434 11.635 13.7345C11.9364 13.724 12.1286 13.6943 12.3335 13.712C12.5082 13.727 12.5772 13.7722 12.6214 13.8375C12.6479 13.8766 12.7052 14.0124 12.7782 14.2861C12.8463 14.5413 12.9167 14.8702 12.9881 15.2512C13.0727 15.7031 13.1568 16.2194 13.2388 16.7584C12.8006 16.8246 12.3503 16.8551 11.8972 16.8485C9.90843 16.8197 7.9865 16.0885 6.93904 14.7768C6.80229 14.6055 6.55371 14.5785 6.38394 14.7164C6.21418 14.8544 6.18739 15.1051 6.32412 15.2764C7.56615 16.8319 9.7495 17.614 11.8857 17.645C12.3756 17.652 12.8692 17.619 13.3546 17.5457C13.3708 17.6585 13.3874 17.7713 13.4033 17.8839C13.5336 18.8053 13.6548 19.7188 13.7536 20.3951C13.7869 20.6225 13.8185 20.8272 13.8474 21H6.94737C4.7673 21 3 19.2171 3 17.0177V6.98234C3 4.78298 4.7673 3.00004 6.94737 3.00004H12.462ZM7.73684 7.9381C7.47525 7.93812 7.26316 8.15207 7.26316 8.41597V9.69031C7.26316 9.95422 7.47525 10.1682 7.73684 10.1682C7.99845 10.1682 8.21053 9.95423 8.21053 9.69031V8.41597C8.21052 8.15205 7.99844 7.9381 7.73684 7.9381Z\" fill=\"currentColor\"/><path fill-rule=\"evenodd\" clip-rule=\"evenodd\" d=\"M17.0526 3.00004C19.2327 3.00004 21 4.78298 21 6.98234V17.0177C21 19.2171 19.2327 21 17.0526 21H14.6491C14.6161 20.8165 14.5775 20.5717 14.5346 20.2789C14.4357 19.6021 14.3171 18.7062 14.1849 17.7714C14.1671 17.6452 14.1485 17.5185 14.1302 17.3917C15.4661 17.0587 16.6851 16.3923 17.5172 15.357C17.6545 15.1862 17.6284 14.9353 17.4591 14.7968C17.2898 14.6584 17.0411 14.6847 16.9038 14.8555C16.2161 15.7112 15.1841 16.295 14.0133 16.6001C13.9322 16.0682 13.8485 15.5556 13.7638 15.1033C13.6909 14.7137 13.6161 14.3624 13.5406 14.0791C13.4699 13.8143 13.385 13.5532 13.2733 13.3882C13.0412 13.0454 12.6957 12.9437 12.4008 12.9183C12.136 12.8955 11.8033 12.9318 11.6076 12.9387C11.3635 12.9472 11.2409 12.9224 11.1735 12.8783C11.1363 12.854 11.0445 12.7776 11.0223 12.4507C10.9719 11.7114 11.1429 9.99797 11.5539 8.10485C11.9538 6.26311 12.5665 4.32206 13.3736 3.00004H17.0526ZM16.2632 7.9381C16.0016 7.93812 15.7895 8.15207 15.7895 8.41597V9.69031C15.7895 9.95422 16.0016 10.1682 16.2632 10.1682C16.5248 10.1682 16.7368 9.95423 16.7368 9.69031V8.41597C16.7368 8.15205 16.5248 7.9381 16.2632 7.9381Z\" fill=\"currentColor\"/>",
	"width": 24,
	"height": 24
}