{
    "body": "<path d=\"M318.756 132.079L255.116 195.719C250.234 200.601 250.234 208.515 255.116 213.397L318.756 277.036C323.637 281.918 331.552 281.918 336.433 277.036L400.073 213.397C404.954 208.515 404.954 200.601 400.073 195.719L336.433 132.079C331.552 127.198 323.637 127.198 318.756 132.079ZM459.47 224.71L224.71 459.47C219.829 464.351 219.829 472.266 224.71 477.147L288.35 540.787C293.232 545.669 301.146 545.669 306.028 540.787L540.787 306.028C545.669 301.146 545.669 293.232 540.787 288.35L477.147 224.71C472.266 219.829 464.351 219.829 459.47 224.71ZM195.012 255.823L131.372 319.463C126.491 324.344 126.491 332.259 131.372 337.14L195.012 400.78C199.893 405.662 207.808 405.662 212.69 400.78L276.329 337.14C281.211 332.259 281.211 324.344 276.329 319.463L212.69 255.823C207.808 250.942 199.893 250.942 195.012 255.823ZM8.3357 356.232L356.232 8.33571C357.209 7.3594 358.791 7.3594 359.768 8.33571L707.664 356.232C708.641 357.209 708.641 358.791 707.664 359.768L359.768 707.664C358.791 708.641 357.209 708.641 356.232 707.664L8.3357 359.768C7.35939 358.791 7.35939 357.209 8.3357 356.232Z\" fill=\"currentColor\"/>",
    "width": 716,
    "height": 715
}
